300, ./essentials/pages/300.html
301, ./essentials/pages/301.html
302, ./essentials/pages/302.html
303, ./essentials/pages/303.html
304, ./essentials/pages/304.html
305, ./essentials/pages/305.html
307, ./essentials/pages/307.html
400, ./essentials/pages/400.html
401, ./essentials/pages/401.html
402, ./essentials/pages/402.html
403, ./essentials/pages/403.html
404, ./essentials/pages/404.html
405, ./essentials/pages/405.html
406, ./essentials/pages/406.html
407, ./essentials/pages/407.html
408, ./essentials/pages/408.html
409, ./essentials/pages/409.html
410, ./essentials/pages/410.html
411, ./essentials/pages/411.html
412, ./essentials/pages/412.html
413, ./essentials/pages/413.html
414, ./essentials/pages/414.html
415, ./essentials/pages/415.html
416, ./essentials/pages/416.html
417, ./essentials/pages/417.html
500, ./essentials/pages/500.html
501, ./essentials/pages/501.html
502, ./essentials/pages/502.html
503, ./essentials/pages/503.html
504, ./essentials/pages/504.html
505, ./essentials/pages/505.html